{
  "meta_title": "Loja de Confeitaria online | BarraDoce",
  "meta_description": "Tudo o que você precisa: forma de bolo, forma de chocolate, bico de confeitar e muitos outros utensílios e acessórios para confeitaria.",
  "sections": [
    {
      "type": "banner-slider",
      "autoplay": 9000,
      "slides": [
        {
          "img": "/img/uploads/site-novo-banner-desk-principal-1-.png",
          "link": "https://tiagocha.netlify.app/search?term=baunilha",
          "alt": "Essência e pastas sabor baunilha perfeitas para suas receitas.",
          "start": "",
          "end": ""
        }
      ]
    },
    {
      "type": "info-bar",
      "enabled": true
    },
    {
      "type": "collection-shelf",
      "shuffle": true,
      "collection_id": "5fd1128d69274c73fce5bf53:categories:Bicos Estrela e Pitanga:/bicos-estrela-e-pitanga",
      "limit": 12,
      "page": 1,
      "sort": "sales"
    },
    {
      "type": "banners-grid",
      "banners": [
        {
          "img": "/img/uploads/2021_bs_caixa-bolo_desk.png"
        },
        {
          "img": "/img/uploads/2021_bs_confeitos-sprinkles_desk.png"
        }
      ]
    },
    {
      "type": "page-title",
      "title": "Loja de Confeitaria online",
      "description": "Tudo o que você precisa: forma de bolo, forma de chocolate, bico de confeitar e muitos outros utensílios e acessórios para confeitaria."
    }
  ]
}